{
    "color-primary-100": "#FEE7D8",
    "color-primary-200": "#FECAB1",
    "color-primary-300": "#FCA589",
    "color-primary-400": "#F9836C",
    "color-primary-500": "#F64B3C",
    "color-primary-600": "#D32B2C",
    "color-primary-700": "#B11E2A",
    "color-primary-800": "#8E1327",
    "color-primary-900": "#760B25",
    "color-primary-transparent-100": "rgba(246, 75, 60, 0.08)",
    "color-primary-transparent-200": "rgba(246, 75, 60, 0.16)",
    "color-primary-transparent-300": "rgba(246, 75, 60, 0.24)",
    "color-primary-transparent-400": "rgba(246, 75, 60, 0.32)",
    "color-primary-transparent-500": "rgba(246, 75, 60, 0.4)",
    "color-primary-transparent-600": "rgba(246, 75, 60, 0.48)",
    "color-success-100": "#CFFBD1",
    "color-success-200": "#A1F8AD",
    "color-success-300": "#6FEC8C",
    "color-success-400": "#49D97A",
    "color-success-500": "#17C161",
    "color-success-600": "#10A560",
    "color-success-700": "#0B8A5C",
    "color-success-800": "#076F54",
    "color-success-900": "#045C4E",
    "color-success-transparent-100": "rgba(23, 193, 97, 0.08)",
    "color-success-transparent-200": "rgba(23, 193, 97, 0.16)",
    "color-success-transparent-300": "rgba(23, 193, 97, 0.24)",
    "color-success-transparent-400": "rgba(23, 193, 97, 0.32)",
    "color-success-transparent-500": "rgba(23, 193, 97, 0.4)",
    "color-success-transparent-600": "rgba(23, 193, 97, 0.48)",
    "color-info-100": "#CAFCF4",
    "color-info-200": "#96FAF2",
    "color-info-300": "#61F2F1",
    "color-info-400": "#39D9E6",
    "color-info-500": "#00B6D6",
    "color-info-600": "#008EB8",
    "color-info-700": "#006B9A",
    "color-info-800": "#004C7C",
    "color-info-900": "#003766",
    "color-info-transparent-100": "rgba(0, 182, 214, 0.08)",
    "color-info-transparent-200": "rgba(0, 182, 214, 0.16)",
    "color-info-transparent-300": "rgba(0, 182, 214, 0.24)",
    "color-info-transparent-400": "rgba(0, 182, 214, 0.32)",
    "color-info-transparent-500": "rgba(0, 182, 214, 0.4)",
    "color-info-transparent-600": "rgba(0, 182, 214, 0.48)",
    "color-warning-100": "#FEFBCD",
    "color-warning-200": "#FEF69B",
    "color-warning-300": "#FDEF69",
    "color-warning-400": "#FBE844",
    "color-warning-500": "#F9DD07",
    "color-warning-600": "#D6BB05",
    "color-warning-700": "#B39A03",
    "color-warning-800": "#907A02",
    "color-warning-900": "#776401",
    "color-warning-transparent-100": "rgba(249, 221, 7, 0.08)",
    "color-warning-transparent-200": "rgba(249, 221, 7, 0.16)",
    "color-warning-transparent-300": "rgba(249, 221, 7, 0.24)",
    "color-warning-transparent-400": "rgba(249, 221, 7, 0.32)",
    "color-warning-transparent-500": "rgba(249, 221, 7, 0.4)",
    "color-warning-transparent-600": "rgba(249, 221, 7, 0.48)",
    "color-danger-100": "#FEE8D3",
    "color-danger-200": "#FECBA8",
    "color-danger-300": "#FDA87D",
    "color-danger-400": "#FB855C",
    "color-danger-500": "#F94E27",
    "color-danger-600": "#D6311C",
    "color-danger-700": "#B31913",
    "color-danger-800": "#900C11",
    "color-danger-900": "#770714",
    "color-danger-transparent-100": "rgba(249, 78, 39, 0.08)",
    "color-danger-transparent-200": "rgba(249, 78, 39, 0.16)",
    "color-danger-transparent-300": "rgba(249, 78, 39, 0.24)",
    "color-danger-transparent-400": "rgba(249, 78, 39, 0.32)",
    "color-danger-transparent-500": "rgba(249, 78, 39, 0.4)",
    "color-danger-transparent-600": "rgba(249, 78, 39, 0.48)"
  }